attack_type,Total,Successful,Success_Rate
boundary,1139,1139,1.0
centroid,1139,0,0.0
color,1139,16,0.014047410008779631
combined,1139,14,0.012291483757682178
noise,1139,1,0.000877963125548727
patch,1139,0,0.0
rotation,1139,90,0.07901668129938542
