attack_type,Total,Successful,Success_Rate
boundary,1121,1121,1.0
centroid,1121,0,0.0
color,1121,14,0.012488849241748439
combined,1121,14,0.012488849241748439
noise,1121,1,0.0008920606601248885
patch,1121,4,0.003568242640499554
rotation,1121,94,0.08385370205173952
