attack_type,Total,Successful,Success_Rate
boundary,1139,1139,1.0
centroid,1139,0,0.0
color,1139,14,0.012291483757682178
combined,1139,12,0.010535557506584723
noise,1139,1,0.000877963125548727
patch,1139,5,0.004389815627743635
rotation,1139,99,0.08691834942932397
